full_name,email,phone
Chris chris,chris.lee@example.com,054-678-9123
Chris Lee,chris.lee@example.com,054-678-9123
Emma White,emma.white@example.com,052-987-6543
Mike Johnson,mike.johnson@example.com,053-876-5432
Emma Brown,emma.brown@example.com,050-432-1987
Chris Lee,chris.lee@example.com,054-678-9123
Chris Lee,chris.lee@example.com,054-678-9123
Emma White,emma.white@,052-987-6543
Mike Johnson,mike.johnson@example.com,053-8765432
Emma Brown,emma.brown@example.com,050-432-1987
John,john.doe@example.com,052-1234567
Chris Lee,chris.lee@example.com,054-678-9123
John Doe,john.doe@example.com,052-123-4567
John Doe,john.doe@example.com,052-123-4567
John White,john.white@example.com,053-4567890
John Doe,john.doe@example.com,0521234567
Sarah Green,sarah.green@example.com,052-654-3210
John Doe,john.doe@example.com,052-123-4567
Mike Brown,mike.brown@example.com,054-111-2233
Emma Brown,emma.brown@example.com,050-432-1987
Chris,chris.lee@example.com,054-678-9123
Chris Lee,chris.lee@example.com,054-678-9123
Emma White,emma.white@,052-987-6543
Emma White,emma.white@example.com,052-987-6543
Mike Johnson,mike.johnson@example.com,053-8765432
Emma Brown,emma.brown@example.com,050-432-1987
John,john@example.com,052-1234567
Chris Lee,chris.lee@example.com,054-678-9123
Chris Lee,chris.lee@example.com,054-678-9123
Chris Lee,chris.lee@example.com,054-678-9123
Emma White,emma.white@,052-987-6543
Emma White,emma.white@example.com,052-987-6543
Mike Johnson,mike.johnson@example.com,053-8765432
Emma Brown,emma.brown@example.com,050-432-1987
John,john@example.com,052-1234567
Chris Lee,chris.lee@example.com,054-678-9123
John Doe,john.doe@example.com,052-123-4567
John Doe,john.doe@example.com,052-123-4567
John White,john.white@example.com,053-4567890
John Doe,john.doe@example.com,0521234567
Please provide your full name.,Please provide your email address.,Please provide your phone number.
John Doe,john.doe@example.com,052-123-4567
Mike Brown,mike.brown@example.com,054-111-2233
Emma Brown,emma.brown@example.com,050-432-1987
Chris Lee,chris.lee@example.com,054-678-9123
Chris Lee,chris.lee@example.com,054-678-9123
Emma White,emma.white@,052-987-6543
Emma White,emma.white@example.com,052-987-6543
Mike Johnson,mike.johnson@example.com,053-8765432
Emma Brown,emma.brown@example.com,050-432-1987
John,john@example.com,052-1234567
Chris Lee,chris.lee@example.com,054-678-9123
John Doe,john.doe@example.com,052-123-4567
John Doe,john.doe@example.com,052-123-4567
John White,john.white@example.com,053-4567890
John Doe,john.doe@example.com,0521234567
Sarah Green,sarah.green@example.com,052-654-3210
Chris Lee,chris.lee@example.com,054-678-9123
Chris chris,chris.lee@example.com,054-678-9123
Chris Lee,chris.lee@example.com,054-678-9123
Emma White,emma.white@,052-987-6543
Mike Johnson,mike.johnson@example.com,053-8765432
Emma Brown,emma.brown@example.com,050-432-1987
Chris,chris@example.com,054-678-9123
Chris Lee,chris@example.com,054-678-9123
Emma White,emma@example.com,052-987-6543
Mike Johnson,mike@example.com,053-8765432
Emma Brown,emma@example.com,050-432-1987
John Doe,john@example.com,052-1234567
Chris Lee,chris@example.com,054-678-9123
John Doe,john@example.com,052-123-4567
John White,john@example.com,053-4567890
John Doe,john@example.com,0521234567
Sarah Green,sarah@example.com,052-654-3210
John Doe,john@example.com,052-123-4567
Mike Brown,mike@example.com,054-111-2233
Emma Brown,emma@example.com,050-432-1987
Chris Chris,chris@example.com,054-678-9123
Chris Lee,chris@example.com,054-678-9123
Emma White,emma@example.com,052-987-6543
Mike Johnson,mike@example.com,053-8765432
Emma Brown,emma@example.com,050-432-1987
Chris,chris@example.com,054-678-9123
Chris Lee,chris@example.com,054-678-9123
Emma White,emma@example.com,052-987-6543
Mike Johnson,mike@example.com,053-8765432
Emma Brown,emma@example.com,050-432-1987
John,john@example.com,052-1234567
Chris Lee,chris@example.com,05467891
John Doe,john@example,052-123-4567
John Doe,john@example.com,052-123-4567
John White,john@example.com,053-4567890
John Doe,john@example.com,0521234567
Sarah Green,sarah@example.com,052-654-3210
John Doe,john@example.com,052-123-4567
Mike Brown,mike@example.com,054-111-2233
Emma Brown,emma@example.com,050-432-1987
Chris,chris@example.com,054-678-9123
Chris Lee,chris@example.com,054-678-9123
Emma White,emma@example.com,052-987-6543
Mike Johnson,mike@example.com,053-8765432
Emma Brown,emma@example.com,050-432-1987
John,john@example.com,052-1234567
John Doe,john@example.com,0521234567
Chris Lee,chris@example.com,054-678-9123
John Doe,john@example.com,052-123-4567
John White,john@example.com,053-4567890
John Doe,john@example.com,0521234567
Sarah Green,sarah@example.com,052-654-3210
John Doe,john@example.com,052-123-4567
Mike Brown,mike@example.com,054-111-2233
Emma Brown,emma@example.com,050-432-1987
Chris,chris@example.com,054-678-9123
Chris Lee,chris@example.com,054-678-9123
Emma White,emma@example.com,052-987-6543
Mike Johnson,mike@example.com,053-8765432
Emma Brown,emma@example.com,050-432-1987
Chris,chris@example.com,054-678-9123
Chris Lee,chris@example.com,054-678-9123
Emma White,emma@example.com,052-987-6543
Mike Johnson,mike@example.com,053-8765432
Emma Brown,emma@example.com,050-432-1987
John,john@example.com,052-1234567
John Doe,john@example.com,0521234567
Chris,chris@example.com,054-678-9123
Chris Lee,chris@example.com,054-678-9123
Emma White,emma@example.com,052-987-6543
Mike Johnson,mike@example.com,053-8765432
Emma Brown,emma@example.com,050-432-1987
John,john@example.com,052-1234567
Chris Lee,chris@example.com,054-678-9123
John Doe,john@example.com,052-123-4567
John White,john@example.com,053-4567890
John Doe,john@example.com,0521234567
Sarah Green,sarah@example.com,052-654-3210
John Doe,john@example.com,052-123-4567
Mike Brown,mike@example.com,054-111-2233
Emma Brown,emma@example.com,050-432-1987
Emma White,emma@example.com,052-987-6543
Chris Lee,chris@example.com,054-678-9123
